timestamp,phase_A_voltage,phase_B_voltage,phase_C_voltage,line_current,frequency,power_factor,thd_percent
0.0000,0.1394,-281.5527,281.8315,3.4050,49.9775,0.9445,2.1236
0.0002,20.6006,-291.1715,271.1010,3.5784,49.9587,0.9484,2.0530
0.0004,40.4858,-300.1358,258.8059,3.5011,49.9527,0.9440,2.1150
0.0006,60.9945,-307.1324,246.2727,3.4441,50.0089,0.9562,2.0506
0.0008,81.1972,-312.9821,232.7023,3.5396,49.9840,0.9431,2.1457
0.0010,100.3506,-318.3255,217.4847,3.4185,49.9597,0.9569,2.1104
0.0012,120.0470,-321.4735,202.3479,3.5459,50.0036,0.9595,2.0879
0.0014,138.5453,-324.0772,185.6880,3.5659,50.0119,0.9572,2.1077
0.0016,156.9046,-324.9941,168.7032,3.4092,49.9728,0.9458,2.0580
0.0018,174.0212,-325.2519,150.4291,3.4202,49.9778,0.9527,2.0865
0.0020,191.0591,-323.6180,132.1694,3.4419,49.9767,0.9587,2.1148
0.0022,207.4440,-320.6058,113.4892,3.4342,50.0229,0.9433,2.0879
0.0024,223.1522,-316.1865,94.5029,3.5280,50.0057,0.9537,2.1343
0.0026,237.3876,-311.1113,74.5517,3.4458,49.9532,0.9463,2.0768
0.0028,250.3358,-305.1587,53.9559,3.5886,50.0376,0.9463,2.1155
0.0030,263.0446,-297.2533,33.8956,3.5829,49.9959,0.9453,2.0747
0.0032,274.6959,-288.1941,13.6823,3.4525,50.0085,0.9580,2.0899
0.0034,284.7556,-278.5050,-7.0926,3.5995,50.0010,0.9418,2.0547
0.0036,293.9227,-267.4856,-27.6082,3.5255,50.0292,0.9484,2.0564
0.0038,302.3100,-255.0304,-47.6348,3.5992,50.0029,0.9594,2.1361
0.0040,308.8616,-242.2112,-68.1160,3.5441,50.0182,0.9507,2.0767
0.0042,315.1920,-227.4385,-87.3306,3.4223,49.9935,0.9491,2.1454
0.0044,319.8844,-212.1623,-106.5946,3.4527,50.0001,0.9436,2.1413
0.0046,323.0757,-196.2874,-125.6767,3.4597,50.0139,0.9522,2.0653
0.0048,324.8907,-179.7392,-144.3640,3.5079,50.0279,0.9506,2.0501
0.0050,325.0942,-162.8108,-162.8108,3.4039,50.0429,0.9576,2.1332
0.0052,324.4357,-144.8190,-180.1942,3.4116,50.0378,0.9589,2.0586
0.0054,322.6911,-126.0612,-196.6720,3.4138,50.0261,0.9553,2.0628
0.0056,319.4839,-106.9952,-212.5628,3.5100,49.9765,0.9574,2.0923
0.0058,314.7628,-87.7598,-227.8677,3.5079,50.0230,0.9440,2.0812
0.0060,309.8453,-67.1323,-241.2276,3.5300,49.9938,0.9504,2.0621
0.0062,302.1531,-47.7917,-255.1873,3.4676,50.0088,0.9446,2.0720
0.0064,293.8841,-27.6469,-267.5242,3.5262,49.9729,0.9581,2.1360
0.0066,284.6071,-7.2411,-278.6535,3.4476,50.0169,0.9443,2.0632
0.0068,275.0701,14.0564,-287.8199,3.5142,49.9973,0.9557,2.1307
0.0070,262.8394,33.6904,-297.4585,3.4194,49.9931,0.9485,2.0967
0.0072,250.8539,54.4739,-304.6406,3.5347,50.0484,0.9420,2.0903
0.0074,236.9509,74.1150,-311.5480,3.5723,49.9749,0.9438,2.0949
0.0076,222.5845,93.9353,-316.7541,3.4557,49.9750,0.9585,2.0943
0.0078,207.6963,113.7414,-320.3536,3.5101,49.9551,0.9600,2.1336
0.0080,191.6579,132.7682,-323.0191,3.5853,50.0349,0.9433,2.0986
0.0082,174.0021,150.4100,-325.2709,3.4802,49.9559,0.9476,2.1485
0.0084,156.4652,168.2638,-325.4335,3.5568,49.9955,0.9485,2.1457
0.0086,138.9887,186.1314,-323.6338,3.5112,50.0218,0.9431,2.0797
0.0088,120.2086,202.5094,-321.3119,3.5158,50.0042,0.9550,2.0557
0.0090,100.5981,217.7323,-318.0779,3.5006,50.0353,0.9431,2.1461
0.0092,80.4715,231.9766,-313.7078,3.4372,50.0095,0.9535,2.0735
0.0094,60.5694,245.8477,-307.5574,3.5781,49.9746,0.9519,2.1119
0.0096,40.6864,259.0065,-299.9352,3.5167,50.0023,0.9587,2.0704
0.0098,20.6401,271.1405,-291.1320,3.4477,49.9896,0.9534,2.0800
0.0100,-0.1838,281.5083,-281.8759,3.5504,49.9573,0.9492,2.1498
0.0102,-19.9278,291.8443,-270.4282,3.4147,49.9713,0.9453,2.1433
0.0104,-40.3863,300.2353,-258.7064,3.5759,49.9870,0.9432,2.1334
0.0106,-60.7460,307.3808,-246.0242,3.5223,50.0487,0.9531,2.0508
0.0108,-80.5743,313.6050,-232.0794,3.4599,50.0163,0.9588,2.0634
0.0110,-100.8985,317.7775,-218.0327,3.4214,50.0053,0.9454,2.1105
0.0112,-119.5223,321.9982,-201.8231,3.4407,50.0134,0.9453,2.0989
0.0114,-138.0879,324.5346,-185.2307,3.5692,49.9592,0.9485,2.0777
0.0116,-157.1965,324.7022,-168.9951,3.5542,50.0137,0.9452,2.1241
0.0118,-174.2367,325.0364,-150.6446,3.4855,49.9510,0.9415,2.1383
0.0120,-190.7850,323.8921,-131.8953,3.5091,50.0335,0.9517,2.0648
0.0122,-207.7075,320.3424,-113.7526,3.4617,50.0399,0.9559,2.1361
0.0124,-222.2637,317.0749,-93.6144,3.4420,49.9750,0.9421,2.1280
0.0126,-236.7275,311.7714,-73.8916,3.4813,50.0121,0.9431,2.1430
0.0128,-250.2602,305.2343,-53.8803,3.5952,50.0311,0.9576,2.0525
0.0130,-262.9124,297.3855,-33.7634,3.4664,50.0431,0.9560,2.1364
0.0132,-274.3238,288.5662,-13.3101,3.4534,50.0287,0.9422,2.1372
0.0134,-284.6777,278.5829,7.1705,3.4445,50.0317,0.9492,2.0805
0.0136,-294.0177,267.3905,27.5132,3.4455,49.9524,0.9439,2.0828
0.0138,-302.0640,255.2763,47.8808,3.5934,49.9779,0.9528,2.0900
0.0140,-308.8690,242.2039,68.1086,3.5072,50.0439,0.9423,2.1470
0.0142,-315.3725,227.2581,87.1501,3.5925,49.9765,0.9422,2.0935
0.0144,-319.2800,212.7667,107.1990,3.4627,50.0106,0.9502,2.0885
0.0146,-322.6286,196.7345,126.1238,3.4509,50.0209,0.9400,2.1426
0.0148,-324.5897,180.0401,144.6649,3.5439,50.0242,0.9534,2.0864
0.0150,-325.7000,162.2050,162.2050,3.5328,49.9830,0.9463,2.1348
0.0152,-324.4084,144.8462,180.2214,3.4601,49.9809,0.9482,2.0902
0.0154,-322.9095,125.8429,196.4536,3.4255,49.9920,0.9588,2.1177
0.0156,-319.1058,107.3733,212.9409,3.5231,49.9801,0.9510,2.0500
0.0158,-315.2641,87.2585,227.3664,3.4860,50.0080,0.9531,2.0965
0.0160,-309.4080,67.5696,241.6649,3.4427,49.9973,0.9580,2.1296
0.0162,-302.7587,47.1861,254.5817,3.4170,50.0015,0.9527,2.0835
0.0164,-293.9947,27.5363,267.4136,3.5502,50.0173,0.9445,2.0699
0.0166,-285.5118,6.3364,277.7488,3.4490,49.9975,0.9570,2.0573
0.0168,-274.7201,-13.7065,288.1699,3.5260,49.9694,0.9539,2.0994
0.0170,-263.4050,-34.2560,296.8929,3.5312,49.9506,0.9550,2.1270
0.0172,-251.0183,-54.6383,304.4763,3.4850,49.9676,0.9592,2.1018
0.0174,-237.5614,-74.7255,310.9375,3.4498,50.0348,0.9491,2.1301
0.0176,-222.4951,-93.8458,316.8436,3.5976,50.0095,0.9590,2.1391
0.0178,-207.2222,-113.2674,320.8276,3.5439,50.0005,0.9566,2.1048
0.0180,-190.7917,-131.9020,323.8853,3.5487,49.9975,0.9452,2.0747
0.0182,-174.1507,-150.5586,325.1223,3.5532,50.0021,0.9525,2.0775
0.0184,-157.1225,-168.9212,324.7761,3.4571,49.9772,0.9464,2.1040
0.0186,-138.8549,-185.9976,323.7676,3.4463,50.0194,0.9541,2.0564
0.0188,-119.8323,-202.1331,321.6882,3.5085,49.9916,0.9441,2.0920
0.0190,-100.1091,-217.2433,318.5669,3.5168,50.0196,0.9571,2.1266
0.0192,-81.0110,-232.5161,313.1683,3.4012,49.9852,0.9551,2.1353
0.0194,-60.4961,-245.7744,307.6307,3.4838,50.0248,0.9509,2.1103
0.0196,-41.0466,-259.3667,299.5750,3.4439,49.9936,0.9406,2.0836
0.0198,-20.2447,-270.7452,291.5273,3.4809,49.9665,0.9493,2.0628
0.0200,325.1223,-281.5698,281.8143,3.4054,49.9894,0.9513,2.0527
0.0202,20.5666,-291.2054,271.0670,3.4271,49.9962,0.9410,2.0879
0.0204,40.4788,-300.1428,258.7989,3.4654,50.0261,0.9476,2.1252
0.0206,61.2814,-306.8454,246.5597,3.4505,49.9582,0.9404,2.1039
0.0208,81.3913,-312.7880,232.8964,3.4700,50.0150,0.9556,2.1152
0.0210,100.7682,-317.9078,217.9023,3.5899,49.9699,0.9404,2.0652
0.0212,119.3661,-322.1544,201.6670,3.5339,50.0064,0.9444,2.1199
0.0214,138.7601,-323.8623,185.9029,3.4336,50.0107,0.9550,2.0615
0.0216,157.0193,-324.8794,168.8179,3.5929,49.9608,0.9405,2.0812
0.0218,174.4657,-324.8073,150.8736,3.5916,49.9897,0.9543,2.0576
0.0220,191.3795,-323.2975,132.4898,3.5254,49.9602,0.9554,2.1350
0.0222,207.4353,-320.6145,113.4804,3.4242,50.0484,0.9557,2.0847
0.0224,222.5910,-316.7476,93.9418,3.4741,50.0006,0.9468,2.1350
0.0226,237.4340,-311.0650,74.5980,3.4211,50.0461,0.9527,2.1329
0.0228,250.8322,-304.6624,54.4522,3.4871,50.0234,0.9593,2.0770
0.0230,263.4572,-296.8407,34.3082,3.5076,49.9983,0.9487,2.1231
0.0232,274.4029,-288.4870,13.3893,3.5703,50.0331,0.9417,2.1382
0.0234,284.7801,-278.4805,-7.0681,3.4929,50.0110,0.9476,2.0529
0.0236,294.6640,-266.7443,-26.8669,3.4364,49.9712,0.9560,2.0840
0.0238,302.8087,-254.5317,-47.1361,3.5402,49.9776,0.9402,2.1448
0.0240,308.9358,-242.1371,-68.0418,3.5440,49.9989,0.9552,2.1191
0.0242,315.1969,-227.4336,-87.3256,3.4982,50.0293,0.9419,2.0722
0.0244,319.7004,-212.3463,-106.7787,3.4612,50.0082,0.9495,2.1031
0.0246,322.6307,-196.7325,-126.1217,3.5492,49.9831,0.9541,2.0771
0.0248,324.3796,-180.2503,-144.8751,3.4241,49.9693,0.9424,2.1036
0.0250,325.5322,-162.3728,-162.3728,3.4370,49.9716,0.9497,2.1225
0.0252,325.1048,-144.1499,-179.5251,3.5049,49.9783,0.9420,2.0694
0.0254,322.4326,-126.3197,-196.9305,3.4359,49.9514,0.9507,2.0774
0.0256,319.9829,-106.4962,-212.0638,3.5107,50.0197,0.9425,2.1368
0.0258,315.0419,-87.4807,-227.5886,3.5745,50.0074,0.9494,2.0940
0.0260,309.0345,-67.9431,-242.0384,3.4103,50.0441,0.9496,2.1322
0.0262,302.3291,-47.6157,-255.0113,3.4148,50.0129,0.9411,2.0649
0.0264,294.3759,-27.1551,-267.0324,3.4608,50.0494,0.9424,2.1264
0.0266,285.1426,-6.7056,-278.1180,3.5581,49.9726,0.9505,2.0951
0.0268,274.5773,13.5636,-288.3127,3.5720,50.0490,0.9461,2.1121
0.0270,263.2586,34.1096,-297.0393,3.5480,50.0448,0.9442,2.0711
0.0272,250.7853,54.4053,-304.7093,3.4314,49.9674,0.9415,2.0503
0.0274,237.0621,74.2262,-311.4368,3.5188,49.9791,0.9446,2.1207
0.0276,222.8656,94.2164,-316.4730,3.4908,50.0187,0.9585,2.1288
0.0278,207.4600,113.5051,-320.5899,3.5322,50.0434,0.9485,2.1045
0.0280,191.3365,132.4469,-323.3405,3.5817,50.0327,0.9414,2.0666
0.0282,174.0960,150.5039,-325.1771,3.5498,50.0069,0.9458,2.0624
0.0284,156.8887,168.6873,-325.0100,3.5399,50.0443,0.9500,2.0994
0.0286,138.0737,185.2164,-324.5488,3.4080,49.9932,0.9464,2.0750
0.0288,119.3312,201.6321,-322.1893,3.5924,50.0336,0.9515,2.1451
0.0290,101.0135,218.1477,-317.6625,3.5345,49.9770,0.9408,2.1256
0.0292,80.8619,232.3670,-313.3174,3.5303,50.0416,0.9436,2.1085
0.0294,61.0843,246.3626,-307.0425,3.4983,49.9591,0.9470,2.0833
0.0296,40.9373,259.2574,-299.6843,3.5715,49.9830,0.9539,2.0788
0.0298,20.8691,271.3695,-290.9030,3.5627,50.0050,0.9491,2.0815
0.0300,-0.1767,281.5154,-281.8688,3.5940,49.9904,0.9503,2.1488
0.0302,-20.2662,291.5058,-270.7666,3.5085,49.9913,0.9438,2.0862
0.0304,-40.5107,300.1109,-258.8308,3.5251,50.0260,0.9441,2.1049
0.0306,-60.5218,307.6050,-245.8001,3.4876,50.0198,0.9424,2.1473
0.0308,-80.7825,313.3968,-232.2877,3.4479,49.9658,0.9510,2.1052
0.0310,-100.9207,317.7553,-218.0549,3.5985,50.0413,0.9492,2.0617
0.0312,-119.4077,322.1128,-201.7086,3.4997,50.0217,0.9502,2.0773
0.0314,-138.1585,324.4640,-185.3013,3.5960,49.9744,0.9510,2.0884
0.0316,-156.2781,325.6205,-168.0768,3.5016,50.0379,0.9573,2.0776
0.0318,-173.9984,325.2747,-150.4063,3.4830,50.0434,0.9502,2.1321
0.0320,-191.4061,323.2710,-132.5164,3.4597,50.0087,0.9600,2.0990
0.0322,-207.6863,320.3635,-113.7314,3.5077,49.9845,0.9510,2.1043
0.0324,-222.7073,316.6314,-94.0580,3.4644,49.9689,0.9539,2.1072
0.0326,-237.3781,311.1209,-74.5421,3.5551,49.9544,0.9549,2.1205
0.0328,-250.3134,305.1811,-53.9335,3.4772,50.0164,0.9564,2.1481
0.0330,-263.1536,297.1443,-34.0046,3.4074,50.0002,0.9518,2.1370
0.0332,-274.2604,288.6296,-13.2467,3.4881,50.0026,0.9491,2.1222
0.0334,-285.1263,278.1343,6.7219,3.5310,49.9654,0.9494,2.1469
0.0336,-294.4745,266.9338,27.0565,3.5385,50.0150,0.9570,2.1352
0.0338,-302.0691,255.2713,47.8758,3.4760,49.9817,0.9544,2.1259
0.0340,-308.9778,242.0951,67.9998,3.4072,49.9568,0.9526,2.1421
0.0342,-314.5536,228.0769,87.9690,3.5494,49.9934,0.9420,2.1134
0.0344,-319.1360,212.9107,107.3430,3.4887,50.0194,0.9581,2.0546
0.0346,-322.4090,196.9541,126.3433,3.4587,49.9875,0.9429,2.1031
0.0348,-324.5622,180.0676,144.6924,3.5585,49.9670,0.9416,2.1371
0.0350,-325.1503,162.7547,162.7547,3.4482,50.0413,0.9429,2.0961
0.0352,-324.8742,144.3805,179.7556,3.4511,49.9509,0.9561,2.1401
0.0354,-322.5275,126.2248,196.8356,3.4316,49.9942,0.9469,2.1088
0.0356,-319.3696,107.1094,212.6771,3.4849,49.9750,0.9569,2.0699
0.0358,-315.1664,87.3562,227.4642,3.4966,49.9737,0.9514,2.1075
0.0360,-308.8575,68.1201,242.2154,3.4590,50.0478,0.9532,2.0774
0.0362,-302.3625,47.5824,254.9779,3.5372,50.0245,0.9410,2.1106
0.0364,-294.3164,27.2146,267.0919,3.5808,49.9786,0.9560,2.1107
0.0366,-285.1840,6.6643,278.0767,3.5273,50.0121,0.9536,2.1221
0.0368,-274.4754,-13.4617,288.4146,3.5677,50.0128,0.9581,2.1146
0.0370,-263.3400,-34.1910,296.9579,3.4882,50.0080,0.9546,2.0590
0.0372,-250.8297,-54.4498,304.6648,3.5495,49.9676,0.9426,2.1039
0.0374,-236.6401,-73.8042,311.8588,3.5062,50.0413,0.9566,2.0757
0.0376,-222.3379,-93.6887,317.0007,3.4964,50.0306,0.9549,2.0839
0.0378,-207.7197,-113.7649,320.3301,3.5926,49.9641,0.9593,2.1360
0.0380,-190.9647,-132.0750,323.7124,3.5960,50.0467,0.9561,2.0866
0.0382,-173.9977,-150.4056,325.2754,3.4028,50.0037,0.9491,2.1173
0.0384,-156.5277,-168.3263,325.3710,3.5169,50.0322,0.9588,2.0608
0.0386,-138.7594,-185.9022,323.8631,3.4050,50.0384,0.9512,2.1415
0.0388,-120.0185,-202.3194,321.5020,3.4126,50.0324,0.9582,2.0802
0.0390,-100.6057,-217.7398,318.0704,3.4280,50.0446,0.9461,2.0993
0.0392,-81.2942,-232.7993,312.8851,3.5775,49.9636,0.9491,2.1170
0.0394,-60.7064,-245.9846,307.4204,3.5892,49.9919,0.9548,2.0655
0.0396,-40.8523,-259.1724,299.7693,3.4198,49.9989,0.9482,2.1452
0.0398,-20.8912,-271.3916,290.8809,3.4741,49.9943,0.9590,2.1355
0.0400,324.5994,-282.0927,281.2914,3.5371,50.0044,0.9596,2.0859
0.0402,20.3220,-291.4500,270.8224,3.4380,49.9622,0.9570,2.0955
0.0404,40.9299,-299.6917,259.2501,3.5283,50.0097,0.9404,2.1287
0.0406,60.6931,-307.4337,245.9714,3.4252,50.0065,0.9414,2.1265
0.0408,80.5985,-313.5807,232.1037,3.4432,50.0370,0.9466,2.0648
0.0410,100.9145,-317.7615,218.0486,3.4006,50.0358,0.9429,2.0630
0.0412,119.4905,-322.0300,201.7914,3.4349,50.0161,0.9405,2.0515
0.0414,138.7832,-323.8392,185.9260,3.4476,49.9824,0.9435,2.0552
0.0416,156.9417,-324.9569,168.7404,3.5052,50.0246,0.9495,2.1278
0.0418,174.3016,-324.9714,150.7095,3.4218,50.0004,0.9589,2.0543
0.0420,191.4721,-323.2049,132.5825,3.5734,50.0021,0.9492,2.1464
0.0422,206.8957,-321.1541,112.9409,3.4958,49.9902,0.9537,2.0990
0.0424,223.0723,-316.2663,94.4231,3.4147,49.9581,0.9522,2.0566
0.0426,236.8866,-311.6123,74.0507,3.5266,50.0048,0.9465,2.1495
0.0428,250.6554,-304.8392,54.2754,3.4907,50.0105,0.9420,2.1202
0.0430,263.5018,-296.7961,34.3528,3.5302,50.0269,0.9544,2.0715
0.0432,274.5861,-288.3039,13.5724,3.4457,49.9839,0.9491,2.0916
0.0434,284.6314,-278.6292,-7.2169,3.4854,50.0165,0.9475,2.0653
0.0436,294.7361,-266.6722,-26.7949,3.4134,50.0332,0.9419,2.0597
0.0438,302.6672,-254.6732,-47.2776,3.5624,50.0056,0.9517,2.1062
0.0440,309.1798,-241.8931,-67.7978,3.4244,49.9854,0.9533,2.1250
0.0442,315.4191,-227.2114,-87.1035,3.5442,50.0468,0.9520,2.0852
0.0444,319.5865,-212.4602,-106.8925,3.4425,50.0157,0.9445,2.0608
0.0446,323.0505,-196.3126,-125.7018,3.4735,50.0263,0.9515,2.1307
0.0448,324.9733,-179.6565,-144.2813,3.5949,50.0318,0.9523,2.1143
0.0450,324.7963,-163.1087,-163.1087,3.5858,50.0329,0.9453,2.0680
0.0452,324.8309,-144.4238,-179.7990,3.4618,49.9840,0.9401,2.1370
0.0454,322.7715,-125.9809,-196.5916,3.4802,49.9642,0.9527,2.0531
0.0456,319.7547,-106.7243,-212.2920,3.4430,49.9920,0.9468,2.0870
0.0458,315.2726,-87.2500,-227.3579,3.5554,50.0068,0.9417,2.0553
0.0460,309.0076,-67.9700,-242.0653,3.5236,50.0174,0.9454,2.1162
0.0462,302.4141,-47.5308,-254.9263,3.4884,49.9773,0.9551,2.0614
0.0464,294.2430,-27.2880,-267.1653,3.4566,50.0178,0.9497,2.1167
0.0466,284.5817,-7.2665,-278.6789,3.4791,50.0099,0.9402,2.0801
0.0468,274.3458,13.3321,-288.5442,3.4274,49.9756,0.9466,2.0508
0.0470,263.3960,34.2470,-296.9019,3.4351,49.9880,0.9541,2.1000
0.0472,250.9582,54.5782,-304.5364,3.5612,49.9572,0.9572,2.0542
0.0474,236.6304,73.7944,-311.8686,3.5842,50.0362,0.9515,2.1073
0.0476,222.8721,94.2229,-316.4665,3.4835,49.9615,0.9404,2.0825
0.0478,207.6362,113.6814,-320.4136,3.5236,50.0332,0.9584,2.0588
0.0480,191.5334,132.6437,-323.1437,3.4487,50.0089,0.9505,2.0896
0.0482,174.0987,150.5066,-325.1744,3.4679,49.9833,0.9434,2.1010
0.0484,156.3140,168.1127,-325.5846,3.5020,50.0406,0.9470,2.1227
0.0486,138.8122,185.9550,-323.8103,3.5630,49.9736,0.9429,2.0697
0.0488,119.8423,202.1431,-321.6782,3.5520,50.0156,0.9435,2.1273
0.0490,100.5081,217.6422,-318.1680,3.5509,50.0260,0.9490,2.1424
0.0492,80.9559,232.4610,-313.2234,3.5271,50.0125,0.9573,2.1127
0.0494,60.6005,245.8787,-307.5263,3.4137,49.9942,0.9461,2.0775
0.0496,40.3233,258.6435,-300.2983,3.5015,49.9810,0.9490,2.0557
0.0498,20.7556,271.2560,-291.0165,3.4153,50.0364,0.9571,2.1115
0.0500,0.0071,281.6992,-281.6850,3.4925,50.0054,0.9558,2.1396
0.0502,-20.4741,291.2979,-270.9746,3.5620,50.0152,0.9464,2.0976
0.0504,-41.1163,299.5053,-259.4364,3.4124,49.9604,0.9580,2.0843
0.0506,-60.7352,307.3916,-246.0135,3.5009,49.9673,0.9450,2.0938
0.0508,-80.9519,313.2273,-232.4571,3.5045,49.9659,0.9475,2.0783
0.0510,-100.6052,318.0708,-217.7393,3.4677,50.0098,0.9558,2.1147
0.0512,-120.1740,321.3465,-202.4748,3.4189,50.0178,0.9457,2.1224
0.0514,-138.3367,324.2858,-185.4794,3.5813,50.0373,0.9467,2.1083
0.0516,-157.0586,324.8401,-168.8572,3.4700,50.0468,0.9540,2.0892
0.0518,-174.1933,325.0797,-150.6013,3.5876,49.9810,0.9475,2.1292
0.0520,-190.8757,323.8013,-131.9860,3.5340,50.0329,0.9548,2.1185
0.0522,-207.3085,320.7413,-113.3536,3.5292,49.9923,0.9472,2.0863
0.0524,-222.9824,316.3563,-94.3331,3.4428,50.0448,0.9497,2.0727
0.0526,-237.4741,311.0249,-74.6381,3.4154,50.0344,0.9420,2.1271
0.0528,-250.2897,305.2048,-53.9098,3.5767,49.9538,0.9467,2.1266
0.0530,-263.5179,296.7800,-34.3689,3.4753,49.9662,0.9566,2.1271
0.0532,-274.3255,288.5645,-13.3119,3.4331,49.9938,0.9482,2.1176
0.0534,-285.2987,277.9619,6.5495,3.4888,49.9785,0.9550,2.0949
0.0536,-294.2791,267.1292,27.2519,3.4619,50.0309,0.9494,2.1335
0.0538,-302.5606,254.7798,47.3843,3.5894,50.0484,0.9492,2.0782
0.0540,-309.4683,241.6046,67.5093,3.5055,50.0466,0.9563,2.1301
0.0542,-315.4126,227.2179,87.1099,3.4500,50.0141,0.9575,2.1055
0.0544,-319.9060,212.1407,106.5730,3.5692,50.0351,0.9457,2.1263
0.0546,-322.9324,196.4307,125.8200,3.5811,49.9647,0.9487,2.1446
0.0548,-324.9061,179.7237,144.3485,3.4902,49.9850,0.9405,2.0553
0.0550,-325.2680,162.6370,162.6370,3.4472,50.0495,0.9475,2.0528
0.0552,-324.1973,145.0573,180.4325,3.5678,50.0150,0.9558,2.0638
0.0554,-322.9183,125.8341,196.4448,3.5660,50.0196,0.9428,2.1206
0.0556,-319.5600,106.9191,212.4867,3.4011,49.9579,0.9451,2.1335
0.0558,-315.0022,87.5204,227.6283,3.5454,50.0028,0.9422,2.0788
0.0560,-309.5490,67.4286,241.5239,3.4095,49.9920,0.9559,2.0957
0.0562,-302.8175,47.1273,254.5228,3.5810,50.0097,0.9403,2.1015
0.0564,-294.5712,26.9598,266.8371,3.4287,49.9929,0.9523,2.0741
0.0566,-285.1197,6.7285,278.1409,3.5329,49.9586,0.9595,2.0568
0.0568,-274.6085,-13.5948,288.2815,3.5015,50.0488,0.9511,2.0890
0.0570,-263.1788,-34.0298,297.1191,3.5271,50.0481,0.9451,2.0516
0.0572,-250.3363,-53.9564,305.1582,3.4690,50.0233,0.9526,2.1272
0.0574,-236.8764,-74.0405,311.6225,3.4665,49.9544,0.9509,2.1314
0.0576,-222.9875,-94.3383,316.3511,3.5558,49.9965,0.9539,2.1132
0.0578,-207.0234,-113.0685,321.0264,3.4126,50.0276,0.9492,2.0793
0.0580,-191.6451,-132.7554,323.0319,3.4399,49.9542,0.9587,2.1015
0.0582,-173.7993,-150.2072,325.4738,3.5086,49.9753,0.9551,2.0691
0.0584,-156.8430,-168.6417,325.0556,3.5562,50.0366,0.9466,2.0624
0.0586,-138.6252,-185.7680,323.9973,3.5779,50.0243,0.9579,2.0887
0.0588,-119.2661,-201.5670,322.2543,3.4992,49.9998,0.9585,2.1019
0.0590,-100.2128,-217.3470,318.4632,3.5454,49.9579,0.9520,2.1322
0.0592,-80.8459,-232.3511,313.3334,3.4642,49.9580,0.9532,2.0806
0.0594,-60.8469,-246.1252,307.2799,3.4852,50.0190,0.9470,2.0542
0.0596,-40.3971,-258.7172,300.2245,3.4705,50.0498,0.9455,2.1480
0.0598,-19.9760,-270.4764,291.7961,3.4150,50.0138,0.9473,2.1301
0.0600,325.1794,-281.5127,281.8715,3.5906,49.9643,0.9522,2.1281
0.0602,19.9587,-291.8134,270.4591,3.4134,50.0279,0.9473,2.0883
0.0604,40.8344,-299.7872,259.1545,3.5210,50.0179,0.9590,2.0872
0.0606,61.2126,-306.9142,246.4909,3.5148,50.0029,0.9480,2.1150
0.0608,80.6410,-313.5383,232.1461,3.4227,50.0236,0.9500,2.0887
0.0610,100.5756,-318.1004,217.7098,3.4524,49.9760,0.9489,2.1496
0.0612,119.5255,-321.9950,201.8263,3.5833,49.9991,0.9425,2.1353
0.0614,138.4453,-324.1772,185.5880,3.5797,49.9945,0.9418,2.1182
0.0616,157.0455,-324.8531,168.8442,3.4639,49.9847,0.9413,2.1042
0.0618,174.6797,-324.5934,151.0876,3.5703,50.0212,0.9585,2.1138
0.0620,191.4826,-323.1944,132.5929,3.5018,49.9621,0.9440,2.0639
0.0622,207.6253,-320.4246,113.6704,3.4053,50.0054,0.9474,2.1304
0.0624,222.7143,-316.6244,94.0650,3.5224,49.9586,0.9462,2.1500
0.0626,237.3305,-311.1684,74.4946,3.5051,50.0269,0.9565,2.0574
0.0628,251.0972,-304.3973,54.7172,3.5285,49.9950,0.9536,2.0845
0.0630,263.5269,-296.7710,34.3779,3.5561,50.0140,0.9436,2.1466
0.0632,274.5672,-288.3228,13.5535,3.5821,49.9555,0.9425,2.0653
0.0634,284.7009,-278.5597,-7.1473,3.4645,50.0209,0.9469,2.1441
0.0636,294.7080,-266.7003,-26.8230,3.5692,49.9751,0.9527,2.1051
0.0638,302.0536,-255.2868,-47.8913,3.4606,50.0033,0.9501,2.0669
0.0640,309.7918,-241.2811,-67.1858,3.4308,50.0159,0.9544,2.1105
0.0642,315.3936,-227.2370,-87.1290,3.5127,50.0325,0.9406,2.0545
0.0644,319.6500,-212.3967,-106.8290,3.5154,50.0151,0.9553,2.0917
0.0646,322.8441,-196.5190,-125.9082,3.4996,50.0127,0.9458,2.1457
0.0648,324.6111,-180.0187,-144.6435,3.5609,50.0185,0.9459,2.0573
0.0650,324.8299,-163.0751,-163.0751,3.4879,49.9984,0.9441,2.1107
0.0652,324.4407,-144.8139,-180.1891,3.5437,50.0234,0.9572,2.1475
0.0654,322.3359,-126.4164,-197.0272,3.4741,50.0062,0.9464,2.0966
0.0656,319.2760,-107.2030,-212.7706,3.4496,49.9597,0.9458,2.0884
0.0658,315.1664,-87.3562,-227.4641,3.4497,50.0365,0.9432,2.0827
0.0660,309.4278,-67.5497,-241.6450,3.4625,50.0263,0.9500,2.1015
0.0662,302.4272,-47.5177,-254.9132,3.4617,49.9523,0.9589,2.1005
0.0664,294.7798,-26.7512,-266.6285,3.4430,49.9853,0.9410,2.0995
0.0666,285.4186,-6.4296,-277.8420,3.5309,49.9971,0.9507,2.1347
0.0668,274.5655,13.5518,-288.3245,3.5765,50.0228,0.9553,2.0866
0.0670,263.0495,33.9006,-297.2483,3.5141,49.9695,0.9511,2.0574
0.0672,250.6291,54.2491,-304.8655,3.5529,49.9780,0.9598,2.1180
0.0674,236.7304,73.8945,-311.7685,3.5950,49.9894,0.9559,2.0839
0.0676,223.1016,94.4523,-316.2371,3.5510,49.9699,0.9502,2.1000
0.0678,206.8802,112.9253,-321.1696,3.4274,49.9833,0.9495,2.0957
0.0680,191.2952,132.4055,-323.3819,3.5031,49.9828,0.9523,2.0663
0.0682,174.7790,151.1869,-324.4941,3.5479,49.9799,0.9467,2.1328
0.0684,156.7324,168.5310,-325.1663,3.5417,49.9800,0.9563,2.0868
0.0686,138.6670,185.8098,-323.9554,3.5960,50.0084,0.9559,2.1225
0.0688,119.9279,202.2288,-321.5926,3.4053,49.9975,0.9593,2.1283
0.0690,100.7901,217.9243,-317.8859,3.5155,50.0221,0.9517,2.0671
0.0692,81.0204,232.5256,-313.1589,3.5239,50.0341,0.9430,2.1181
0.0694,60.4811,245.7594,-307.6457,3.5896,49.9610,0.9404,2.0814
0.0696,40.4186,258.7387,-300.2030,3.5381,49.9910,0.9555,2.1421
0.0698,20.7967,271.2971,-290.9753,3.5472,49.9562,0.9428,2.0707
0.0700,-0.1750,281.5171,-281.8670,3.5324,50.0025,0.9463,2.0673
0.0702,-20.0117,291.7603,-270.5122,3.4685,49.9854,0.9554,2.1221
0.0704,-40.6238,299.9977,-258.9440,3.5387,50.0110,0.9438,2.0747
0.0706,-60.8914,307.2354,-246.1697,3.4450,50.0473,0.9460,2.0789
0.0708,-81.1841,312.9952,-232.6893,3.5410,49.9817,0.9470,2.1434
0.0710,-100.2186,318.4575,-217.3527,3.4547,49.9622,0.9535,2.0880
0.0712,-119.2597,322.2608,-201.5606,3.5637,50.0455,0.9561,2.0790
0.0714,-138.7056,323.9169,-185.8484,3.5428,49.9846,0.9488,2.0756
0.0716,-156.7209,325.1777,-168.5196,3.4404,50.0039,0.9587,2.1196
0.0718,-174.6511,324.6220,-151.0590,3.5231,50.0087,0.9448,2.1170
0.0720,-191.1579,323.5192,-132.2682,3.5276,49.9552,0.9483,2.1217
0.0722,-207.7344,320.3155,-113.7795,3.5542,49.9505,0.9510,2.1429
0.0724,-222.7557,316.5829,-94.1065,3.5870,50.0378,0.9495,2.0699
0.0726,-236.6477,311.8512,-73.8118,3.4642,50.0146,0.9582,2.0589
0.0728,-250.5507,304.9438,-54.1707,3.5070,50.0223,0.9587,2.1413
0.0730,-263.4739,296.8240,-34.3249,3.5764,49.9676,0.9584,2.1497
0.0732,-274.7375,288.1524,-13.7239,3.4991,50.0437,0.9592,2.1426
0.0734,-284.6595,278.6011,7.1887,3.4019,50.0068,0.9421,2.1483
0.0736,-294.5285,266.8798,27.0025,3.5978,50.0043,0.9499,2.1439
0.0738,-302.0773,255.2630,47.8675,3.4936,49.9693,0.9423,2.0662
0.0740,-309.3912,241.6816,67.5864,3.4515,49.9686,0.9547,2.1291
0.0742,-314.9833,227.6473,87.5393,3.5515,49.9675,0.9571,2.1397
0.0744,-319.1816,212.8651,107.2974,3.5031,49.9587,0.9534,2.0685
0.0746,-323.0645,196.2986,125.6878,3.4647,49.9748,0.9452,2.0736
0.0748,-324.3744,180.2554,144.8802,3.5908,49.9802,0.9545,2.0511
0.0750,-325.1163,162.7887,162.7887,3.5386,49.9562,0.9424,2.0807
0.0752,-324.7227,144.5319,179.9071,3.5005,50.0395,0.9541,2.0811
0.0754,-323.0877,125.6646,196.2754,3.5832,49.9795,0.9523,2.0719
0.0756,-319.8750,106.6040,212.1717,3.4306,50.0248,0.9521,2.0916
0.0758,-315.0018,87.5208,227.6287,3.4942,50.0038,0.9533,2.0718
0.0760,-309.6027,67.3749,241.4702,3.5509,50.0373,0.9416,2.0947
0.0762,-302.2246,47.7202,255.1157,3.4156,50.0064,0.9412,2.1048
0.0764,-294.3076,27.2234,267.1007,3.5145,49.9650,0.9466,2.1020
0.0766,-285.4200,6.4282,277.8406,3.4411,50.0083,0.9418,2.1010
0.0768,-274.3259,-13.3122,288.5641,3.4907,50.0013,0.9491,2.0558
0.0770,-263.1866,-34.0376,297.1113,3.5614,50.0223,0.9479,2.1316
0.0772,-250.3790,-53.9991,305.1155,3.5157,49.9545,0.9469,2.0564
0.0774,-236.6175,-73.7816,311.8814,3.5869,49.9569,0.9587,2.0532
0.0776,-222.7538,-94.1045,316.5849,3.5538,50.0266,0.9596,2.1146
0.0778,-207.4145,-113.4597,320.6353,3.5986,49.9882,0.9574,2.1407
0.0780,-191.3133,-132.4236,323.3638,3.5365,50.0162,0.9508,2.1154
0.0782,-174.4406,-150.8485,324.8325,3.4357,50.0037,0.9506,2.1228
0.0784,-156.9773,-168.7760,324.9214,3.4007,49.9523,0.9460,2.1173
0.0786,-138.4488,-185.5916,324.1737,3.5064,50.0323,0.9450,2.0846
0.0788,-119.9642,-202.2651,321.5563,3.5875,50.0225,0.9423,2.1309
0.0790,-100.5947,-217.7289,318.0813,3.5532,50.0384,0.9403,2.0706
0.0792,-81.2905,-232.7956,312.8888,3.4067,50.0098,0.9541,2.0549
0.0794,-60.7090,-245.9872,307.4178,3.4805,49.9734,0.9443,2.1364
0.0796,-41.2107,-259.5308,299.4109,3.5008,49.9789,0.9563,2.1232
0.0798,-20.6050,-271.1054,291.1671,3.5196,50.0173,0.9464,2.0802
0.0800,324.6433,-282.0488,281.3353,3.5320,49.9721,0.9460,2.0561
0.0802,20.8724,-290.8996,271.3728,3.5759,50.0412,0.9525,2.0927
0.0804,40.7628,-299.8588,259.0829,3.5945,50.0442,0.9534,2.1286
0.0806,60.7683,-307.3586,246.0465,3.4833,49.9649,0.9475,2.1254
0.0808,80.8649,-313.3144,232.3700,3.5699,49.9801,0.9542,2.1306
0.0810,100.9287,-317.7473,218.0629,3.5125,50.0468,0.9511,2.0634
0.0812,119.4827,-322.0378,201.7836,3.4407,50.0147,0.9584,2.1347
0.0814,138.0857,-324.5368,185.2285,3.5449,49.9690,0.9454,2.1174
0.0816,156.8029,-325.0957,168.6016,3.5747,49.9688,0.9552,2.1224
0.0818,174.3472,-324.9258,150.7552,3.4959,50.0369,0.9467,2.1457
0.0820,190.7042,-323.9728,131.8146,3.5874,50.0462,0.9423,2.1500
0.0822,207.3138,-320.7360,113.3590,3.4485,50.0104,0.9441,2.1415
0.0824,222.7147,-316.6239,94.0655,3.5551,49.9881,0.9507,2.0859
0.0826,236.8732,-311.6258,74.0372,3.5026,49.9997,0.9420,2.1481
0.0828,250.5943,-304.9002,54.2144,3.5679,50.0414,0.9474,2.0914
0.0830,263.2115,-297.0864,34.0625,3.4443,49.9646,0.9452,2.1435
0.0832,274.7137,-288.1763,13.7000,3.4835,49.9652,0.9466,2.0880
0.0834,285.3696,-277.8910,-6.4786,3.4999,50.0155,0.9537,2.0757
0.0836,294.6347,-266.7736,-26.8963,3.5933,50.0142,0.9498,2.0668
0.0838,302.7234,-254.6170,-47.2215,3.4339,50.0220,0.9498,2.1417
0.0840,309.3923,-241.6806,-67.5853,3.5284,49.9559,0.9407,2.1347
0.0842,315.4962,-227.1343,-87.0264,3.5336,50.0264,0.9482,2.1343
0.0844,319.2400,-212.8067,-107.2390,3.5414,49.9509,0.9501,2.0873
0.0846,322.8230,-196.5401,-125.9294,3.5334,50.0117,0.9497,2.0988
0.0848,324.1348,-180.4951,-145.1199,3.5103,49.9512,0.9506,2.0775
0.0850,325.7475,-162.1575,-162.1575,3.4034,50.0313,0.9535,2.1306
0.0852,325.0379,-144.2167,-179.5919,3.4214,49.9596,0.9430,2.0692
0.0854,322.7316,-126.0207,-196.6315,3.5630,49.9767,0.9479,2.0873
0.0856,319.4146,-107.0644,-212.6321,3.5130,50.0490,0.9445,2.1184
0.0858,315.3989,-87.1237,-227.2316,3.5307,50.0358,0.9552,2.0594
0.0860,309.2294,-67.7482,-241.8435,3.5105,49.9556,0.9402,2.0671
0.0862,302.4283,-47.5166,-254.9121,3.4868,50.0284,0.9513,2.1358
0.0864,293.9085,-27.6225,-267.4998,3.5056,49.9543,0.9442,2.1368
0.0866,285.4238,-6.4244,-277.8368,3.4951,49.9547,0.9415,2.1426
0.0868,275.0339,14.0202,-287.8561,3.5127,49.9533,0.9586,2.0814
0.0870,263.6104,34.4614,-296.6875,3.5174,50.0252,0.9543,2.0898
0.0872,250.2018,53.8218,-305.2928,3.4325,49.9740,0.9567,2.0889
0.0874,237.5082,74.6722,-310.9908,3.4663,50.0256,0.9428,2.1488
0.0876,222.8868,94.2375,-316.4518,3.5002,50.0474,0.9411,2.0937
0.0878,207.6736,113.7187,-320.3763,3.4681,50.0269,0.9591,2.0897
0.0880,191.4625,132.5728,-323.2146,3.4059,49.9773,0.9599,2.0991
0.0882,174.1442,150.5521,-325.1289,3.5882,49.9932,0.9536,2.1161
0.0884,156.2857,168.0843,-325.6130,3.5237,50.0298,0.9543,2.0582
0.0886,138.1475,185.2902,-324.4750,3.5423,50.0134,0.9548,2.0817
0.0888,119.3464,201.6473,-322.1741,3.4010,49.9808,0.9472,2.0770
0.0890,100.1465,217.2806,-318.5296,3.4375,49.9949,0.9511,2.0908
0.0892,80.4176,231.9228,-313.7616,3.4708,49.9593,0.9520,2.0824
0.0894,60.8348,246.1130,-307.2921,3.4584,49.9888,0.9417,2.1401
0.0896,41.1723,259.4925,-299.4492,3.5956,50.0072,0.9434,2.0881
0.0898,20.0627,270.5631,-291.7093,3.4602,49.9993,0.9413,2.0935
0.0900,-0.0789,281.6132,-281.7710,3.4968,49.9577,0.9450,2.0747
0.0902,-20.2988,291.4732,-270.7993,3.5188,49.9696,0.9421,2.0805
0.0904,-40.3183,300.3033,-258.6385,3.4664,50.0120,0.9561,2.0830
0.0906,-61.1148,307.0120,-246.3930,3.5631,50.0360,0.9595,2.0636
0.0908,-81.0707,313.1086,-232.5759,3.5895,49.9701,0.9463,2.1465
0.0910,-100.0452,318.6308,-217.1794,3.4583,50.0195,0.9498,2.1076
0.0912,-119.9974,321.5230,-202.2983,3.4752,50.0316,0.9479,2.0614
0.0914,-138.4294,324.1931,-185.5722,3.5184,50.0046,0.9536,2.1050
0.0916,-156.2470,325.6517,-168.0456,3.4923,50.0208,0.9488,2.0791
0.0918,-174.0955,325.1775,-150.5035,3.5638,50.0296,0.9482,2.0999
0.0920,-191.0556,323.6215,-132.1659,3.4484,50.0159,0.9543,2.1289
0.0922,-207.7609,320.2889,-113.8061,3.5981,49.9979,0.9480,2.1007
0.0924,-222.2422,317.0964,-93.5930,3.5383,50.0044,0.9558,2.0860
0.0926,-236.7161,311.7828,-73.8802,3.5074,50.0138,0.9417,2.1269
0.0928,-250.4672,305.0273,-54.0873,3.4710,50.0147,0.9409,2.1484
0.0930,-262.9715,297.3264,-33.8225,3.4799,50.0253,0.9593,2.0930
0.0932,-275.1240,287.7660,-14.1103,3.4517,50.0011,0.9504,2.1081
0.0934,-284.9610,278.2996,6.8872,3.4892,49.9891,0.9554,2.1089
0.0936,-294.3126,267.0957,27.2184,3.4690,49.9525,0.9421,2.0916
0.0938,-301.9667,255.3737,47.9782,3.4232,50.0441,0.9428,2.0812
0.0940,-309.3948,241.6781,67.5828,3.4414,49.9983,0.9495,2.0938
0.0942,-314.8543,227.7763,87.6683,3.4638,49.9800,0.9562,2.0615
0.0944,-319.1594,212.8873,107.3196,3.5296,50.0177,0.9433,2.1484
0.0946,-322.9612,196.4019,125.7911,3.4349,49.9660,0.9512,2.1458
0.0948,-324.8963,179.7335,144.3583,3.4810,49.9684,0.9528,2.0932
0.0950,-325.7408,162.1642,162.1642,3.5228,49.9697,0.9518,2.0889
0.0952,-324.4234,144.8312,180.2064,3.4412,50.0252,0.9562,2.0563
0.0954,-323.1034,125.6489,196.2597,3.5744,49.9687,0.9465,2.0958
0.0956,-319.7462,106.7328,212.3005,3.5725,50.0028,0.9528,2.1097
0.0958,-314.9397,87.5829,227.6908,3.5174,49.9848,0.9569,2.1117
0.0960,-309.0364,67.9412,242.0365,3.5412,49.9797,0.9523,2.0585
0.0962,-302.7944,47.1504,254.5459,3.4236,49.9805,0.9437,2.1193
0.0964,-294.3023,27.2287,267.1060,3.4836,49.9638,0.9477,2.0686
0.0966,-284.9008,6.9474,278.3598,3.5387,50.0145,0.9600,2.1055
0.0968,-274.6449,-13.6313,288.2451,3.4281,49.9815,0.9490,2.0554
0.0970,-263.2899,-34.1409,297.0080,3.4019,49.9637,0.9563,2.1464
0.0972,-250.6194,-54.2394,304.8752,3.4990,50.0185,0.9483,2.1340
0.0974,-237.1229,-74.2870,311.3760,3.4165,49.9531,0.9552,2.0792
0.0976,-222.8878,-94.2385,316.4509,3.5075,49.9668,0.9491,2.1243
0.0978,-207.0690,-113.1141,320.9809,3.5099,49.9613,0.9423,2.1275
0.0980,-190.8656,-131.9759,323.8114,3.4734,50.0323,0.9408,2.1219
0.0982,-174.2420,-150.6499,325.0310,3.5980,49.9602,0.9566,2.1251
0.0984,-156.9023,-168.7009,324.9964,3.5999,49.9950,0.9470,2.1317
0.0986,-138.5542,-185.6969,324.0683,3.5988,50.0276,0.9447,2.1311
0.0988,-119.6519,-201.9528,321.8685,3.4701,50.0211,0.9527,2.0666
0.0990,-100.8747,-218.0089,317.8013,3.4413,49.9707,0.9412,2.0851
0.0992,-81.1103,-232.6154,313.0690,3.5078,49.9824,0.9541,2.0789
0.0994,-61.1822,-246.4604,306.9446,3.5716,50.0485,0.9536,2.0595
0.0996,-40.3044,-258.6245,300.3172,3.5571,50.0419,0.9598,2.1367
0.0998,-20.7970,-271.2974,290.9751,3.5732,49.9750,0.9542,2.1328
0.1000,0.2615,-281.4306,281.9536,3.5352,49.9989,0.9515,2.0769
0.1002,20.3381,-291.4339,270.8385,3.4904,50.0134,0.9576,2.0593
0.1004,40.7828,-299.8388,259.1029,3.4556,50.0436,0.9474,2.1450
0.1006,60.7768,-307.3500,246.0551,3.4005,50.0274,0.9547,2.1231
0.1008,80.8498,-313.3294,232.3550,3.5328,49.9858,0.9413,2.1034
0.1010,100.2318,-318.4442,217.3659,3.4859,49.9712,0.9454,2.1328
0.1012,119.5776,-321.9429,201.8785,3.5156,50.0066,0.9497,2.0844
0.1014,138.6758,-323.9467,185.8186,3.4097,49.9600,0.9557,2.0960
0.1016,156.3243,-325.5744,168.1229,3.5715,49.9941,0.9400,2.1458
0.1018,173.9907,-325.2824,150.3986,3.5377,49.9632,0.9530,2.0659
0.1020,191.6216,-323.0554,132.7320,3.4548,50.0155,0.9450,2.0872
0.1022,207.7387,-320.3111,113.7838,3.4331,49.9896,0.9461,2.1199
0.1024,222.3968,-316.9419,93.7475,3.5311,50.0204,0.9400,2.0977
0.1026,236.7443,-311.7546,73.9084,3.4452,50.0180,0.9402,2.1196
0.1028,250.9420,-304.5526,54.5620,3.5976,49.9922,0.9426,2.0571
0.1030,263.0320,-297.2659,33.8830,3.5462,49.9602,0.9463,2.1381
0.1032,274.2717,-288.6183,13.2580,3.5547,50.0253,0.9427,2.1493
0.1034,284.6791,-278.5815,-7.1691,3.5061,49.9508,0.9530,2.0940
0.1036,294.5355,-266.8728,-26.9955,3.5256,49.9651,0.9482,2.1187
0.1038,302.7884,-254.5520,-47.1565,3.4173,49.9600,0.9550,2.1090
0.1040,309.2342,-241.8387,-67.7434,3.5926,49.9815,0.9428,2.0777
0.1042,314.6353,-227.9952,-87.8873,3.5107,50.0100,0.9522,2.1279
0.1044,319.6991,-212.3476,-106.7800,3.5696,50.0158,0.9460,2.1018
0.1046,322.7147,-196.6484,-126.0377,3.5496,49.9796,0.9411,2.1398
0.1048,325.0828,-179.5470,-144.1718,3.4990,49.9613,0.9500,2.1094
0.1050,325.2983,-162.6067,-162.6067,3.5955,50.0487,0.9587,2.0632
0.1052,324.9890,-144.2657,-179.6409,3.5137,49.9865,0.9537,2.1263
0.1054,323.1596,-125.5927,-196.2035,3.5541,49.9517,0.9414,2.0762
0.1056,319.0484,-107.4306,-212.9983,3.4121,50.0289,0.9501,2.1129
0.1058,315.0521,-87.4705,-227.5784,3.4831,50.0202,0.9416,2.1037
0.1060,309.4662,-67.5114,-241.6067,3.4555,49.9810,0.9502,2.0703
0.1062,302.7365,-47.2084,-254.6039,3.5073,49.9891,0.9527,2.1335
0.1064,294.4942,-27.0368,-266.9141,3.4132,50.0199,0.9546,2.1346
0.1066,284.5942,-7.2540,-278.6664,3.4172,49.9934,0.9491,2.1109
0.1068,274.4438,13.4302,-288.4461,3.5483,50.0241,0.9424,2.1208
0.1070,263.3505,34.2015,-296.9474,3.4328,50.0453,0.9505,2.1283
0.1072,250.8456,54.4656,-304.6489,3.4334,49.9627,0.9556,2.0769
0.1074,237.4980,74.6621,-311.0009,3.5543,49.9529,0.9561,2.0772
0.1076,222.2265,93.5772,-317.1121,3.5425,50.0077,0.9415,2.0955
0.1078,207.1950,113.2402,-320.8548,3.4999,50.0067,0.9474,2.0755
0.1080,190.7918,131.9021,-323.8852,3.5148,50.0223,0.9446,2.1009
0.1082,173.8324,150.2403,-325.4406,3.5726,49.9745,0.9494,2.0883
0.1084,156.3501,168.1487,-325.5486,3.5862,50.0357,0.9511,2.1414
0.1086,138.7339,185.8767,-323.8886,3.4839,49.9822,0.9483,2.1220
0.1088,119.5111,201.8120,-322.0094,3.4156,49.9873,0.9500,2.1402
0.1090,100.1933,217.3275,-318.4827,3.5609,50.0481,0.9591,2.0569
0.1092,80.8565,232.3616,-313.3228,3.4565,50.0345,0.9465,2.1053
0.1094,60.4575,245.7358,-307.6693,3.4401,50.0064,0.9461,2.1123
0.1096,40.7311,259.0512,-299.8905,3.5183,49.9993,0.9555,2.0695
0.1098,20.8243,271.3247,-290.9477,3.5521,49.9745,0.9401,2.0910
0.1100,-0.2670,281.4251,-281.9591,3.4693,50.0340,0.9575,2.1451
0.1102,-20.9224,290.8496,-271.4228,3.5315,50.0349,0.9545,2.0604
0.1104,-40.7373,299.8842,-259.0575,3.4476,49.9992,0.9412,2.1497
0.1106,-60.7379,307.3890,-246.0161,3.4186,50.0421,0.9579,2.1020
0.1108,-80.6905,313.4887,-232.1957,3.4745,50.0475,0.9417,2.0596
0.1110,-100.8804,317.7956,-218.0146,3.5640,49.9575,0.9514,2.0935
0.1112,-119.2757,322.2448,-201.5765,3.4474,49.9761,0.9463,2.1301
0.1114,-138.2925,324.3300,-185.4353,3.5471,49.9818,0.9454,2.0575
0.1116,-156.9973,324.9014,-168.7959,3.5560,50.0085,0.9431,2.0664
0.1118,-174.3223,324.9507,-150.7302,3.4813,50.0036,0.9593,2.0708
0.1120,-191.3806,323.2964,-132.4909,3.4530,49.9620,0.9432,2.1186
0.1122,-207.0085,321.0413,-113.0536,3.5394,49.9540,0.9567,2.0828
0.1124,-223.0714,316.2672,-94.4222,3.4496,49.9856,0.9503,2.1177
0.1126,-237.3515,311.1475,-74.5155,3.5981,49.9531,0.9481,2.0952
0.1128,-250.3768,305.1178,-53.9968,3.4500,49.9962,0.9561,2.0640
0.1130,-263.6370,296.6609,-34.4880,3.5661,50.0483,0.9426,2.1324
0.1132,-274.7623,288.1277,-13.7487,3.5261,50.0145,0.9516,2.0759
0.1134,-284.7235,278.5371,7.1247,3.4044,49.9564,0.9580,2.0943
0.1136,-294.6843,266.7240,26.8467,3.5810,50.0329,0.9466,2.0543
0.1138,-302.4674,254.8730,47.4774,3.4336,50.0074,0.9564,2.0895
0.1140,-309.8207,241.2522,67.1569,3.5366,49.9673,0.9443,2.0687
0.1142,-315.2712,227.3593,87.2514,3.5767,49.9535,0.9524,2.0746
0.1144,-319.7135,212.3332,106.7656,3.4824,50.0051,0.9412,2.0780
0.1146,-323.0679,196.2952,125.6844,3.4399,50.0385,0.9505,2.1131
0.1148,-324.3260,180.3038,144.9287,3.5590,50.0489,0.9556,2.0859
0.1150,-325.2255,162.6795,162.6795,3.4969,50.0413,0.9500,2.0888
0.1152,-324.9483,144.3063,179.6815,3.4638,49.9719,0.9579,2.1279
0.1154,-323.1466,125.6058,196.2165,3.5983,50.0029,0.9553,2.1500
0.1156,-319.0346,107.4444,213.0121,3.4200,50.0157,0.9453,2.1316
0.1158,-314.6338,87.8888,227.9968,3.4112,50.0496,0.9444,2.1347
0.1160,-309.0528,67.9248,242.0201,3.4710,50.0339,0.9569,2.0676
0.1162,-302.3359,47.6089,255.0045,3.5612,50.0198,0.9583,2.0528
0.1164,-294.1125,27.4185,267.2958,3.5895,50.0064,0.9513,2.0688
0.1166,-284.5483,7.2999,278.7123,3.5763,49.9992,0.9462,2.0990
0.1168,-275.0443,-14.0306,287.8457,3.4465,49.9719,0.9505,2.0501
0.1170,-262.7311,-33.5821,297.5668,3.4403,49.9630,0.9543,2.1419
0.1172,-250.2806,-53.9006,305.2140,3.4647,49.9522,0.9517,2.1417
0.1174,-236.8373,-74.0013,311.6617,3.5693,50.0361,0.9592,2.0874
0.1176,-222.2207,-93.5714,317.1179,3.4791,49.9601,0.9460,2.0636
0.1178,-207.6774,-113.7225,320.3724,3.5897,50.0292,0.9592,2.1149
0.1180,-191.5147,-132.6250,323.1623,3.5937,50.0194,0.9586,2.1287
0.1182,-174.5651,-150.9731,324.7079,3.5178,49.9675,0.9461,2.1188
0.1184,-157.0727,-168.8713,324.8260,3.5458,50.0449,0.9590,2.0892
0.1186,-137.9989,-185.1417,324.6235,3.5930,49.9532,0.9520,2.1421
0.1188,-119.2723,-201.5732,322.2481,3.4442,50.0066,0.9587,2.0641
0.1190,-100.2686,-217.4028,318.4074,3.4476,50.0482,0.9434,2.1385
0.1192,-81.3026,-232.8078,312.8766,3.5418,50.0139,0.9577,2.0947
0.1194,-61.1843,-246.4626,306.9425,3.4499,49.9568,0.9451,2.0608
0.1196,-41.2659,-259.5860,299.3557,3.4772,50.0233,0.9594,2.1385
0.1198,-20.4308,-270.9312,291.3412,3.4757,50.0046,0.9420,2.0979
0.1200,0.3641,-281.3280,282.0561,3.5302,50.0187,0.9433,2.0574
0.1202,20.7696,-291.0024,271.2701,3.4590,49.9819,0.9590,2.0574
0.1204,40.4372,-300.1843,258.7574,3.4751,50.0232,0.9509,2.1398
0.1206,60.5426,-307.5842,245.8209,3.5188,50.0114,0.9497,2.0531
0.1208,81.3338,-312.8454,232.8390,3.4330,50.0390,0.9431,2.0601
0.1210,100.2195,-318.4565,217.3537,3.4380,50.0197,0.9544,2.1230
0.1212,119.5051,-322.0153,201.8060,3.4563,49.9738,0.9410,2.1072
0.1214,138.8331,-323.7894,185.9759,3.4307,49.9861,0.9486,2.0795
0.1216,156.8620,-325.0366,168.6607,3.5200,49.9700,0.9405,2.0671
0.1218,174.0802,-325.1929,150.4881,3.4164,50.0344,0.9462,2.0897
0.1220,191.1780,-323.4990,132.2883,3.5322,49.9591,0.9509,2.0685
0.1222,207.7204,-320.3294,113.7655,3.4739,49.9946,0.9453,2.0965
0.1224,222.3889,-316.9498,93.7396,3.4537,49.9562,0.9550,2.1167
0.1226,236.6973,-311.8016,73.8614,3.4688,50.0041,0.9594,2.1090
0.1228,250.6784,-304.8161,54.2985,3.5682,50.0318,0.9484,2.1036
0.1230,263.5159,-296.7820,34.3669,3.4950,50.0382,0.9495,2.0579
0.1232,275.0373,-287.8527,14.0237,3.5429,50.0002,0.9580,2.1300
0.1234,285.2138,-278.0468,-6.6344,3.5241,49.9620,0.9551,2.0673
0.1236,294.7975,-266.6108,-26.7335,3.5944,50.0308,0.9425,2.0923
0.1238,302.9167,-254.4237,-47.0281,3.4871,50.0497,0.9525,2.1334
0.1240,309.1080,-241.9648,-67.8695,3.5822,50.0414,0.9413,2.0888
0.1242,314.9484,-227.6821,-87.5742,3.4652,49.9776,0.9492,2.1373
0.1244,319.7951,-212.2516,-106.6839,3.5246,50.0023,0.9484,2.0914
0.1246,322.3533,-197.0098,-126.3990,3.5176,50.0258,0.9588,2.1425
0.1248,324.6908,-179.9390,-144.5638,3.4202,49.9786,0.9507,2.0844
0.1250,325.1809,-162.7241,-162.7241,3.4766,49.9986,0.9522,2.0537
0.1252,324.4036,-144.8511,-180.2263,3.4288,50.0109,0.9539,2.0539
0.1254,323.0947,-125.6576,-196.2684,3.4663,49.9738,0.9549,2.1421
0.1256,319.9056,-106.5734,-212.1411,3.4040,50.0317,0.9461,2.0780
0.1258,315.0427,-87.4799,-227.5879,3.5392,49.9598,0.9574,2.0634
0.1260,309.8244,-67.1532,-241.2485,3.4886,50.0326,0.9454,2.0917
0.1262,302.5740,-47.3709,-254.7664,3.4376,49.9711,0.9565,2.1241
0.1264,294.5726,-26.9584,-266.8357,3.5734,50.0321,0.9503,2.0659
0.1266,284.8474,-7.0008,-278.4132,3.5014,49.9636,0.9570,2.1379
0.1268,274.1635,13.1498,-288.7265,3.4386,50.0333,0.9567,2.0749
0.1270,263.1054,33.9564,-297.1925,3.5836,50.0205,0.9455,2.1324
0.1272,250.6300,54.2500,-304.8646,3.5271,49.9624,0.9406,2.0872
0.1274,237.2057,74.3697,-311.2933,3.4355,50.0370,0.9517,2.0850
0.1276,222.3262,93.6769,-317.0125,3.5789,50.0249,0.9538,2.0785
0.1278,207.2215,113.2666,-320.8284,3.4326,50.0072,0.9593,2.1357
0.1280,191.3363,132.4466,-323.3408,3.5355,49.9769,0.9482,2.0520
0.1282,174.5687,150.9766,-324.7044,3.5535,49.9509,0.9582,2.1147
0.1284,156.8012,168.5998,-325.0975,3.4017,49.9752,0.9561,2.0805
0.1286,138.9603,186.1030,-323.6622,3.5285,49.9924,0.9475,2.0849
0.1288,119.4919,201.7927,-322.0286,3.4933,50.0177,0.9565,2.0897
0.1290,100.1163,217.2504,-318.5598,3.5023,50.0162,0.9569,2.0874
0.1292,81.0387,232.5439,-313.1405,3.5218,49.9798,0.9422,2.0564
0.1294,61.4379,246.7161,-306.6889,3.5281,50.0361,0.9452,2.1211
0.1296,41.1595,259.4797,-299.4621,3.4598,49.9650,0.9553,2.1400
0.1298,20.7293,271.2297,-291.0427,3.5605,50.0100,0.9532,2.1181
0.1300,0.2213,281.9134,-281.4708,3.5311,50.0497,0.9452,2.0919
0.1302,-20.5356,291.2364,-271.0360,3.4071,50.0208,0.9514,2.0690
0.1304,-40.5406,300.0810,-258.8607,3.4445,50.0035,0.9557,2.1407
0.1306,-60.7777,307.3492,-246.0559,3.5015,50.0345,0.9568,2.1376
0.1308,-81.2102,312.9690,-232.7154,3.4195,49.9628,0.9452,2.1308
0.1310,-100.2510,318.4250,-217.3852,3.4366,50.0180,0.9467,2.0589
0.1312,-119.8846,321.6359,-202.1855,3.5488,49.9807,0.9558,2.0831
0.1314,-138.7327,323.8898,-185.8754,3.4588,50.0351,0.9494,2.1366
0.1316,-156.6164,325.2822,-168.4151,3.5889,49.9571,0.9578,2.1000
0.1318,-173.9209,325.3522,-150.3288,3.4763,49.9798,0.9411,2.1354
0.1320,-191.5515,323.1255,-132.6619,3.4401,49.9909,0.9514,2.1407
0.1322,-207.3773,320.6725,-113.4225,3.4633,50.0216,0.9556,2.0988
0.1324,-222.5316,316.8070,-93.8823,3.4354,50.0134,0.9401,2.0774
0.1326,-236.8504,311.6485,-74.0145,3.4337,50.0264,0.9498,2.1264
0.1328,-251.0368,304.4578,-54.6568,3.5229,50.0133,0.9481,2.1465
0.1330,-263.2656,297.0322,-34.1167,3.4075,49.9699,0.9475,2.0514
0.1332,-274.8123,288.0777,-13.7987,3.5666,49.9691,0.9535,2.1127
0.1334,-285.2875,277.9732,6.5608,3.5387,49.9844,0.9426,2.0884
0.1336,-294.2244,267.1839,27.3066,3.4334,50.0324,0.9460,2.0791
0.1338,-302.2006,255.1398,47.7443,3.5193,49.9838,0.9578,2.1495
0.1340,-309.5074,241.5655,67.4702,3.5803,49.9859,0.9438,2.1448
0.1342,-314.6328,227.9977,87.8898,3.4807,49.9728,0.9545,2.0631
0.1344,-319.2745,212.7722,107.2045,3.5179,49.9669,0.9473,2.1151
0.1346,-323.1678,196.1953,125.5846,3.5753,49.9756,0.9507,2.0549
0.1348,-324.1335,180.4963,145.1212,3.5324,50.0154,0.9404,2.1190
0.1350,-325.3532,162.5518,162.5518,3.4761,50.0047,0.9495,2.0653
0.1352,-324.4330,144.8217,180.1969,3.5261,49.9801,0.9532,2.1162
0.1354,-322.9352,125.8172,196.4279,3.5211,49.9637,0.9566,2.0605
0.1356,-319.2898,107.1892,212.7569,3.4235,49.9614,0.9421,2.0699
0.1358,-315.3513,87.1713,227.2792,3.4526,50.0023,0.9440,2.1203
0.1360,-309.5548,67.4228,241.5181,3.4079,49.9996,0.9442,2.1433
0.1362,-302.5978,47.3470,254.7426,3.4005,50.0172,0.9581,2.1335
0.1364,-294.1441,27.3869,267.2642,3.4298,49.9590,0.9502,2.1224
0.1366,-285.4350,6.4132,277.8256,3.4512,49.9731,0.9598,2.0796
0.1368,-274.6703,-13.6566,288.2197,3.4200,49.9675,0.9408,2.0791
0.1370,-262.8474,-33.6984,297.4505,3.4625,50.0239,0.9419,2.1258
0.1372,-251.0790,-54.6990,304.4156,3.5704,50.0163,0.9434,2.0858
0.1374,-237.1739,-74.3380,311.3250,3.5244,50.0378,0.9419,2.1315
0.1376,-222.9798,-94.3305,316.3589,3.4802,50.0462,0.9454,2.0886
0.1378,-206.9842,-113.0294,321.0656,3.5600,50.0149,0.9559,2.0613
0.1380,-190.9927,-132.1031,323.6843,3.4117,50.0442,0.9432,2.0916
0.1382,-174.1976,-150.6056,325.0754,3.5605,50.0178,0.9436,2.0880
0.1384,-156.8414,-168.6400,325.0573,3.4058,50.0184,0.9568,2.1473
0.1386,-138.8626,-186.0053,323.7599,3.5841,49.9613,0.9482,2.0546
0.1388,-119.9783,-202.2791,321.5422,3.4628,50.0205,0.9536,2.1268
0.1390,-100.4373,-217.5715,318.2387,3.5130,50.0478,0.9534,2.0838
0.1392,-80.8683,-232.3734,313.3110,3.5401,49.9595,0.9532,2.0749
0.1394,-61.1038,-246.3820,307.0231,3.5353,49.9885,0.9568,2.1058
0.1396,-40.2793,-258.5995,300.3422,3.4109,50.0143,0.9431,2.1349
0.1398,-20.0720,-270.5724,291.7000,3.5739,49.9575,0.9498,2.0741
0.1400,0.4701,-281.2219,282.1622,3.4101,49.9723,0.9529,2.0903
0.1402,20.1589,-291.6132,270.6593,3.4918,50.0301,0.9490,2.1357
0.1404,40.7142,-299.9074,259.0344,3.4237,49.9997,0.9531,2.0603
0.1406,60.8619,-307.2650,246.1401,3.5114,49.9500,0.9418,2.1104
0.1408,81.0104,-313.1688,232.5156,3.4609,50.0008,0.9441,2.1171
0.1410,100.9643,-317.7117,218.0985,3.4727,49.9554,0.9445,2.0954
0.1412,119.8000,-321.7205,202.1009,3.5240,49.9973,0.9531,2.1216
0.1414,138.1073,-324.5152,185.2500,3.5519,49.9722,0.9468,2.1330
0.1416,157.1645,-324.7342,168.9631,3.4584,50.0022,0.9540,2.0546
0.1418,173.9525,-325.3205,150.3605,3.4281,50.0217,0.9544,2.0607
0.1420,191.2998,-323.3773,132.4101,3.4375,50.0430,0.9479,2.0957
0.1422,207.6163,-320.4335,113.6615,3.5434,49.9608,0.9483,2.1427
0.1424,223.0001,-316.3385,94.3508,3.5178,50.0272,0.9490,2.1158
0.1426,237.5678,-310.9311,74.7319,3.4269,49.9999,0.9506,2.0549
0.1428,251.0602,-304.4344,54.6802,3.5678,49.9983,0.9502,2.1421
0.1430,262.8262,-297.4717,33.6772,3.5157,50.0230,0.9426,2.0887
0.1432,274.7351,-288.1549,13.7214,3.5765,50.0004,0.9477,2.1480
0.1434,285.4522,-277.8084,-6.3960,3.5525,49.9774,0.9593,2.1470
0.1436,294.2659,-267.1424,-27.2650,3.4267,49.9913,0.9540,2.1248
0.1438,302.2273,-255.1131,-47.7175,3.5403,50.0361,0.9542,2.1436
0.1440,309.4827,-241.5901,-67.4949,3.4402,50.0124,0.9458,2.0845
0.1442,315.2234,-227.4071,-87.2992,3.5963,50.0150,0.9592,2.1004
0.1444,319.7029,-212.3438,-106.7761,3.4645,49.9615,0.9470,2.0980
0.1446,322.7758,-196.5873,-125.9766,3.5334,49.9917,0.9550,2.1341
0.1448,324.4141,-180.2157,-144.8406,3.5695,50.0308,0.9505,2.0525
0.1450,324.9153,-162.9897,-162.9897,3.5341,49.9700,0.9550,2.0661
0.1452,324.4148,-144.8399,-180.2151,3.4501,50.0339,0.9538,2.0795
0.1454,322.9587,-125.7936,-196.4044,3.4065,50.0314,0.9420,2.1368
0.1456,319.7481,-106.7310,-212.2986,3.5730,50.0242,0.9512,2.0738
0.1458,315.3354,-87.1872,-227.2952,3.5598,49.9788,0.9533,2.1426
0.1460,309.2377,-67.7399,-241.8352,3.5913,50.0476,0.9463,2.1052
0.1462,301.9414,-48.0035,-255.3990,3.4503,50.0121,0.9556,2.1370
0.1464,294.6431,-26.8879,-266.7652,3.5823,50.0205,0.9530,2.1255
0.1466,285.0829,-6.7653,-278.1777,3.5207,50.0276,0.9593,2.0794
0.1468,274.3120,13.2983,-288.5780,3.5365,49.9687,0.9435,2.1014
0.1470,263.0262,33.8772,-297.2717,3.4857,50.0057,0.9426,2.1084
0.1472,250.3799,53.9999,-305.1147,3.4661,50.0210,0.9431,2.0654
0.1474,236.9343,74.0983,-311.5647,3.4102,50.0432,0.9523,2.1162
0.1476,222.6532,94.0039,-316.6855,3.5145,49.9858,0.9557,2.0818
0.1478,207.0549,113.1000,-320.9950,3.4368,49.9568,0.9501,2.0916
0.1480,191.2259,132.3363,-323.4511,3.4184,49.9721,0.9443,2.0832
0.1482,174.1492,150.5571,-325.1239,3.4437,50.0253,0.9506,2.1497
0.1484,157.0237,168.8223,-324.8750,3.5962,49.9509,0.9534,2.0946
0.1486,138.8977,186.0405,-323.7247,3.5227,50.0121,0.9592,2.1183
0.1488,119.5608,201.8617,-321.9597,3.5832,50.0445,0.9477,2.1040
0.1490,100.2968,217.4309,-318.3792,3.5823,50.0322,0.9475,2.1303
0.1492,80.8369,232.3421,-313.3423,3.4088,50.0398,0.9439,2.1014
0.1494,61.3977,246.6760,-306.7291,3.4335,50.0456,0.9508,2.0507
0.1496,40.3326,258.6528,-300.2890,3.5341,50.0274,0.9573,2.0924
0.1498,20.0278,270.5282,-291.7442,3.5076,50.0203,0.9595,2.1275
0.1500,0.1466,281.8386,-281.5455,3.5880,50.0247,0.9431,2.0959
0.1502,-20.5922,291.1799,-271.0926,3.4175,49.9554,0.9559,2.1058
0.1504,-40.6922,299.9294,-259.0123,3.4455,49.9759,0.9478,2.1130
0.1506,-61.0165,307.1103,-246.2948,3.4034,50.0173,0.9507,2.1141
0.1508,-80.7730,313.4062,-232.2782,3.5512,50.0086,0.9540,2.0573
0.1510,-100.0859,318.5901,-217.2201,3.4212,50.0287,0.9460,2.0587
0.1512,-119.4746,322.0459,-201.7755,3.4875,49.9895,0.9532,2.0974
0.1514,-138.4598,324.1627,-185.6025,3.4273,49.9891,0.9559,2.1046
0.1516,-156.2399,325.6588,-168.0385,3.4288,50.0177,0.9583,2.1295
0.1518,-174.0591,325.2140,-150.4670,3.4746,50.0449,0.9511,2.1055
0.1520,-191.5657,323.1114,-132.6760,3.4010,50.0097,0.9507,2.1447
0.1522,-207.5302,320.5196,-113.5753,3.5497,50.0404,0.9469,2.0913
0.1524,-222.5167,316.8219,-93.8674,3.5025,49.9661,0.9444,2.1335
0.1526,-237.4173,311.0816,-74.5814,3.4363,50.0300,0.9570,2.1351
0.1528,-250.1925,305.3021,-53.8125,3.5989,49.9961,0.9510,2.0791
0.1530,-263.5816,296.7163,-34.4326,3.4196,50.0226,0.9497,2.0831
0.1532,-275.0063,287.8837,-13.9927,3.5311,49.9600,0.9524,2.1400
0.1534,-285.2185,278.0421,6.6297,3.4901,50.0116,0.9461,2.1084
0.1536,-294.2475,267.1608,27.2834,3.4729,49.9816,0.9486,2.0505
0.1538,-302.6822,254.6581,47.2626,3.4443,50.0240,0.9487,2.1340
0.1540,-309.7158,241.3570,67.2617,3.5466,50.0378,0.9493,2.0859
0.1542,-315.2456,227.3850,87.2770,3.5103,49.9676,0.9521,2.1342
0.1544,-319.1499,212.8968,107.3292,3.4280,50.0039,0.9453,2.1386
0.1546,-323.1287,196.2344,125.6237,3.4151,49.9519,0.9501,2.0531
0.1548,-324.5463,180.0836,144.7084,3.4810,50.0090,0.9581,2.1052
0.1550,-325.2265,162.6785,162.6785,3.5997,49.9972,0.9555,2.0866
0.1552,-324.9048,144.3498,179.7250,3.5544,50.0233,0.9458,2.0965
0.1554,-322.6947,126.0576,196.6684,3.4794,50.0002,0.9533,2.1348
0.1556,-319.2020,107.2770,212.8447,3.5228,49.9666,0.9503,2.0946
0.1558,-315.3719,87.1507,227.2586,3.5897,50.0159,0.9594,2.1236
0.1560,-309.3666,67.6109,241.7062,3.4718,49.9719,0.9498,2.0563
0.1562,-302.5590,47.3859,254.7814,3.4086,49.9707,0.9582,2.0861
0.1564,-294.3434,27.1876,267.0649,3.4909,49.9546,0.9596,2.0824
0.1566,-284.8325,7.0157,278.4281,3.5043,50.0330,0.9567,2.0763
0.1568,-274.5902,-13.5765,288.2998,3.4348,50.0154,0.9473,2.1153
0.1570,-262.8135,-33.6645,297.4844,3.5033,49.9876,0.9581,2.1016
0.1572,-250.7719,-54.3920,304.7226,3.5735,49.9987,0.9496,2.1104
0.1574,-237.1098,-74.2739,311.3891,3.4278,49.9666,0.9415,2.1143
0.1576,-222.9511,-94.3019,316.3875,3.4374,49.9862,0.9543,2.0618
0.1578,-207.6046,-113.6497,320.4453,3.5622,50.0220,0.9496,2.0979
0.1580,-191.4782,-132.5885,323.1988,3.4322,50.0333,0.9404,2.0543
0.1582,-174.2149,-150.6228,325.0582,3.4322,50.0130,0.9408,2.1072
0.1584,-157.1441,-168.9427,324.7546,3.4517,49.9680,0.9592,2.1099
0.1586,-138.4296,-185.5724,324.1928,3.4037,50.0220,0.9532,2.0783
0.1588,-120.1541,-202.4550,321.3664,3.4898,50.0493,0.9573,2.0671
0.1590,-100.1836,-217.3177,318.4924,3.5202,50.0295,0.9564,2.0682
0.1592,-80.7317,-232.2369,313.4475,3.4529,50.0224,0.9469,2.0953
0.1594,-60.8589,-246.1372,307.2679,3.4460,49.9885,0.9422,2.0702
0.1596,-40.4075,-258.7277,300.2140,3.5009,49.9920,0.9430,2.0596
0.1598,-20.4480,-270.9484,291.3240,3.5229,49.9539,0.9557,2.1003
0.1600,-0.3825,-282.0746,281.3096,3.4964,49.9630,0.9521,2.1328
0.1602,20.8208,-290.9512,271.3213,3.5550,50.0149,0.9504,2.0870
0.1604,40.3106,-300.3110,258.6307,3.5060,49.9729,0.9560,2.1290
0.1606,60.8308,-307.2961,246.1090,3.5178,50.0241,0.9552,2.1197
0.1608,80.4891,-313.6902,231.9942,3.4268,49.9977,0.9447,2.1359
0.1610,100.2972,-318.3788,217.4314,3.5754,49.9909,0.9438,2.1209
0.1612,120.0293,-321.4912,202.3302,3.5156,49.9618,0.9401,2.1155
0.1614,138.6810,-323.9415,185.8238,3.4632,49.9862,0.9431,2.1152
0.1616,156.4537,-325.4450,168.2523,3.5710,49.9924,0.9473,2.0776
0.1618,174.4690,-324.8041,150.8769,3.5510,49.9913,0.9557,2.0982
0.1620,191.0591,-323.6179,132.1694,3.5110,49.9754,0.9461,2.0844
0.1622,207.5404,-320.5094,113.5855,3.5472,50.0355,0.9532,2.1248
0.1624,222.6092,-316.7294,93.9600,3.5399,49.9662,0.9443,2.0901
0.1626,236.9501,-311.5489,74.1141,3.5101,50.0197,0.9541,2.0661
0.1628,251.0894,-304.4051,54.7094,3.4011,49.9591,0.9429,2.1426
0.1630,263.0843,-297.2136,33.9354,3.4128,49.9722,0.9416,2.0538
0.1632,274.5189,-288.3711,13.5052,3.5969,50.0114,0.9504,2.1212
0.1634,285.1337,-278.1269,-6.7145,3.5891,50.0320,0.9528,2.0939
0.1636,294.0148,-267.3935,-27.5162,3.5314,50.0304,0.9457,2.0534
0.1638,302.5279,-254.8125,-47.4169,3.5032,49.9732,0.9434,2.0536
0.1640,309.0894,-241.9835,-67.8882,3.4001,49.9657,0.9599,2.1280
0.1642,314.9042,-227.7264,-87.6184,3.4790,50.0086,0.9504,2.1237
0.1644,319.0772,-212.9695,-107.4018,3.4180,49.9784,0.9566,2.1415
0.1646,322.5532,-196.8099,-126.1991,3.5927,49.9777,0.9521,2.0695
0.1648,325.0579,-179.5720,-144.1968,3.5150,49.9761,0.9481,2.0606
0.1650,324.8424,-163.0626,-163.0626,3.4589,50.0447,0.9561,2.1457
0.1652,325.0043,-144.2504,-179.6256,3.5626,50.0075,0.9539,2.1466
0.1654,322.7683,-125.9840,-196.5948,3.5540,50.0257,0.9592,2.0959
0.1656,319.4693,-107.0097,-212.5774,3.5174,49.9527,0.9423,2.0568
0.1658,315.1847,-87.3379,-227.4458,3.5988,50.0177,0.9446,2.0816
0.1660,309.8056,-67.1720,-241.2673,3.5033,49.9510,0.9566,2.0748
0.1662,302.0214,-47.9234,-255.3190,3.5347,50.0321,0.9415,2.1431
0.1664,294.2897,-27.2413,-267.1186,3.4707,50.0394,0.9454,2.1447
0.1666,285.2194,-6.6288,-278.0412,3.5820,49.9999,0.9440,2.1235
0.1668,275.0073,13.9936,-287.8827,3.4414,49.9703,0.9450,2.1119
0.1670,262.8050,33.6560,-297.4929,3.4213,50.0420,0.9535,2.1163
0.1672,250.7387,54.3587,-304.7559,3.5528,50.0041,0.9408,2.0982
0.1674,237.2323,74.3964,-311.2666,3.4985,50.0485,0.9579,2.1369
0.1676,222.6534,94.0042,-316.6852,3.5969,50.0416,0.9456,2.0722
0.1678,207.4116,113.4567,-320.6383,3.4108,50.0299,0.9496,2.1041
0.1680,191.1914,132.3017,-323.4857,3.4787,50.0186,0.9435,2.1477
0.1682,174.4866,150.8945,-324.7864,3.4920,50.0189,0.9402,2.0711
0.1684,156.7810,168.5797,-325.1177,3.4651,50.0113,0.9452,2.1049
0.1686,138.2304,185.3731,-324.3921,3.4943,50.0113,0.9473,2.0999
0.1688,119.4504,201.7513,-322.0701,3.5401,49.9872,0.9571,2.0780
0.1690,100.1938,217.3280,-318.4822,3.4262,50.0076,0.9446,2.0600
0.1692,80.6613,232.1665,-313.5179,3.4472,49.9932,0.9476,2.0646
0.1694,61.4087,246.6869,-306.7182,3.4299,50.0306,0.9435,2.1000
0.1696,41.2627,259.5828,-299.3589,3.5699,50.0017,0.9544,2.1285
0.1698,20.2239,270.7243,-291.5481,3.5124,50.0068,0.9480,2.1191
0.1700,-0.4400,281.2521,-282.1320,3.5628,49.9977,0.9526,2.0950
0.1702,-20.5892,291.1828,-271.0896,3.4722,50.0060,0.9586,2.0758
0.1704,-41.2473,299.3743,-259.5675,3.4242,50.0367,0.9593,2.0699
0.1706,-60.8736,307.2532,-246.1519,3.5298,49.9675,0.9556,2.0855
0.1708,-80.7182,313.4611,-232.2233,3.4975,50.0237,0.9578,2.0881
0.1710,-100.7274,317.9486,-217.8616,3.5263,49.9645,0.9434,2.1308
0.1712,-119.9025,321.6180,-202.2034,3.5263,50.0072,0.9570,2.0571
0.1714,-138.8312,323.7912,-185.9740,3.4456,49.9817,0.9458,2.0767
0.1716,-156.5554,325.3433,-168.3540,3.4542,49.9945,0.9573,2.0863
0.1718,-174.2015,325.0716,-150.6094,3.5931,49.9914,0.9437,2.0523
0.1720,-190.9611,323.7159,-132.0715,3.5324,50.0440,0.9540,2.0580
0.1722,-207.6680,320.3818,-113.7131,3.4206,49.9564,0.9576,2.1048
0.1724,-223.1363,316.2024,-94.4870,3.4794,50.0265,0.9417,2.0762
0.1726,-237.4564,311.0426,-74.6204,3.5310,50.0385,0.9462,2.0747
0.1728,-250.8407,304.6539,-54.4607,3.5253,49.9631,0.9568,2.0529
0.1730,-262.9854,297.3125,-33.8364,3.5721,49.9825,0.9495,2.1475
0.1732,-274.5940,288.2960,-13.5803,3.4545,49.9945,0.9594,2.1198
0.1734,-285.3592,277.9014,6.4890,3.5195,50.0131,0.9527,2.1064
0.1736,-294.2896,267.1187,27.2414,3.5279,49.9810,0.9469,2.1040
0.1738,-302.1237,255.2167,47.8211,3.4884,49.9866,0.9452,2.0804
0.1740,-309.8501,241.2228,67.1275,3.5631,50.0348,0.9469,2.0969
0.1742,-315.5427,227.0878,86.9799,3.5844,50.0447,0.9495,2.0509
0.1744,-319.5781,212.4686,106.9009,3.4586,49.9731,0.9401,2.0874
0.1746,-322.7934,196.5697,125.9589,3.5121,49.9895,0.9433,2.1237
0.1748,-324.7384,179.8914,144.5162,3.4757,49.9763,0.9484,2.0740
0.1750,-325.0055,162.8995,162.8995,3.5820,50.0308,0.9537,2.0785
0.1752,-324.3852,144.8694,180.2446,3.5618,49.9913,0.9571,2.0682
0.1754,-322.9156,125.8368,196.4475,3.5274,50.0118,0.9454,2.1123
0.1756,-319.8208,106.6582,212.2259,3.4039,49.9550,0.9507,2.0686
0.1758,-315.4488,87.0738,227.1818,3.4538,50.0215,0.9545,2.0733
0.1760,-309.6995,67.2781,241.3734,3.4987,49.9842,0.9462,2.1299
0.1762,-301.9304,48.0144,255.4099,3.4927,50.0291,0.9466,2.1344
0.1764,-293.8615,27.6695,267.5468,3.4112,50.0276,0.9414,2.0970
0.1766,-285.3441,6.5041,277.9165,3.5683,50.0317,0.9566,2.0622
0.1768,-274.3664,-13.3527,288.5236,3.4498,50.0271,0.9489,2.1238
0.1770,-263.6154,-34.4665,296.6824,3.4922,50.0271,0.9504,2.1482
0.1772,-250.6520,-54.2720,304.8425,3.5363,49.9812,0.9465,2.1129
0.1774,-237.5694,-74.7335,310.9295,3.5875,50.0021,0.9451,2.1139
0.1776,-222.9639,-94.3146,316.3747,3.5775,50.0364,0.9444,2.0613
0.1778,-207.2020,-113.2471,320.8478,3.4649,49.9667,0.9455,2.0620
0.1780,-190.8998,-132.0101,323.7773,3.4018,49.9542,0.9557,2.0975
0.1782,-174.1922,-150.6001,325.0809,3.4743,49.9589,0.9432,2.0591
0.1784,-156.5814,-168.3800,325.3173,3.5862,50.0497,0.9525,2.0560
0.1786,-138.3487,-185.4914,324.2738,3.5403,50.0291,0.9425,2.0733
0.1788,-119.2582,-201.5591,322.2623,3.5577,50.0257,0.9561,2.0939
0.1790,-100.8210,-217.9551,317.8550,3.5378,49.9858,0.9427,2.1399
0.1792,-80.9061,-232.4112,313.2732,3.4875,49.9795,0.9539,2.0690
0.1794,-61.2629,-246.5412,306.8639,3.4695,50.0232,0.9455,2.1331
0.1796,-40.3527,-258.6728,300.2689,3.5109,49.9569,0.9431,2.0796
0.1798,-20.6605,-271.1609,291.1115,3.4734,49.9501,0.9528,2.0879
0.1800,-0.3145,-282.0065,281.3776,3.4037,50.0357,0.9555,2.0739
0.1802,20.6449,-291.1272,271.1453,3.5317,50.0039,0.9477,2.1024
0.1804,40.7647,-299.8569,259.0848,3.5103,50.0113,0.9465,2.1141
0.1806,60.5600,-307.5668,245.8382,3.5046,49.9567,0.9567,2.0630
0.1808,81.2649,-312.9144,232.7700,3.4404,49.9985,0.9420,2.1071
0.1810,100.8503,-317.8258,217.9844,3.5316,50.0026,0.9540,2.0756
0.1812,119.6062,-321.9143,201.9071,3.5212,49.9571,0.9586,2.0709
0.1814,138.4846,-324.1378,185.6274,3.5780,49.9580,0.9560,2.0561
0.1816,156.7580,-325.1406,168.5567,3.5876,49.9916,0.9474,2.1208
0.1818,174.6120,-324.6610,151.0199,3.4532,49.9541,0.9414,2.0804
0.1820,191.6335,-323.0435,132.7438,3.5921,49.9597,0.9545,2.1032
0.1822,207.0244,-321.0255,113.0695,3.5052,49.9749,0.9525,2.0679
0.1824,222.9118,-316.4268,94.2626,3.4830,49.9606,0.9528,2.0858
0.1826,237.0703,-311.4286,74.2344,3.5330,50.0383,0.9433,2.0680
0.1828,250.5264,-304.9682,54.1464,3.4675,49.9658,0.9600,2.0943
0.1830,263.0013,-297.2966,33.8523,3.4630,50.0491,0.9465,2.0872
0.1832,274.8987,-287.9913,13.8851,3.4861,50.0226,0.9522,2.1063
0.1834,284.7502,-278.5104,-7.0980,3.5531,50.0426,0.9451,2.1462
0.1836,294.2606,-267.1477,-27.2704,3.4794,50.0226,0.9597,2.1096
0.1838,302.4460,-254.8944,-47.4988,3.5987,49.9802,0.9460,2.0722
0.1840,309.7059,-241.3670,-67.2717,3.4043,50.0322,0.9538,2.0776
0.1842,315.1047,-227.5258,-87.4179,3.5113,50.0426,0.9431,2.0538
0.1844,319.3642,-212.6825,-107.1148,3.4277,49.9867,0.9516,2.0733
0.1846,323.0162,-196.3469,-125.7361,3.4184,49.9900,0.9584,2.1234
0.1848,324.8517,-179.7781,-144.4029,3.5586,49.9673,0.9565,2.1190
0.1850,325.3462,-162.5588,-162.5588,3.5815,50.0095,0.9460,2.1231
0.1852,324.7044,-144.5502,-179.9254,3.4157,49.9556,0.9554,2.0848
0.1854,323.0223,-125.7301,-196.3408,3.4833,50.0368,0.9574,2.0727
0.1856,319.6614,-106.8177,-212.3853,3.5205,49.9511,0.9555,2.0882
0.1858,314.8558,-87.6668,-227.7747,3.4082,50.0040,0.9430,2.1002
0.1860,309.0710,-67.9066,-242.0019,3.4101,50.0232,0.9479,2.0946
0.1862,302.5235,-47.4213,-254.8168,3.5009,49.9722,0.9458,2.0894
0.1864,293.9453,-27.5857,-267.4630,3.4165,50.0071,0.9410,2.0899
0.1866,284.6214,-7.2269,-278.6393,3.5004,50.0274,0.9426,2.0635
0.1868,274.6938,13.6802,-288.1961,3.4976,50.0152,0.9439,2.1116
0.1870,263.3846,34.2356,-296.9133,3.4492,49.9572,0.9555,2.0823
0.1872,251.0490,54.6690,-304.4456,3.4179,50.0172,0.9485,2.0848
0.1874,236.9324,74.0964,-311.5666,3.5188,49.9524,0.9461,2.1488
0.1876,222.7789,94.1296,-316.5598,3.5980,49.9942,0.9429,2.0545
0.1878,207.6531,113.6982,-320.3968,3.4399,49.9874,0.9552,2.1353
0.1880,190.8013,131.9116,-323.8758,3.4109,50.0449,0.9585,2.1369
0.1882,174.6085,151.0164,-324.6645,3.4027,50.0194,0.9422,2.0950
0.1884,156.2228,168.0214,-325.6759,3.4418,50.0038,0.9441,2.1023
0.1886,138.2519,185.3947,-324.3706,3.4966,50.0230,0.9428,2.1199
0.1888,119.2583,201.5591,-322.2622,3.5166,50.0164,0.9409,2.0670
0.1890,100.2980,217.4321,-318.3781,3.5578,50.0118,0.9411,2.1155
0.1892,80.3997,231.9049,-313.7796,3.4777,49.9771,0.9570,2.1160
0.1894,61.3138,246.5921,-306.8130,3.4038,50.0367,0.9530,2.0731
0.1896,40.6478,258.9680,-299.9737,3.5953,49.9600,0.9463,2.1367
0.1898,20.4554,270.9559,-291.3166,3.4373,50.0001,0.9492,2.1426
0.1900,-0.4785,281.2136,-282.1706,3.4495,50.0029,0.9467,2.0893
0.1902,-20.7669,291.0052,-271.2673,3.4694,49.9852,0.9525,2.0736
0.1904,-40.2889,300.3327,-258.6090,3.5003,50.0312,0.9525,2.1379
0.1906,-60.5591,307.5677,-245.8374,3.5630,49.9529,0.9511,2.0780
0.1908,-81.2397,312.9396,-232.7448,3.5794,50.0157,0.9418,2.0882
0.1910,-100.0534,318.6227,-217.1875,3.5225,50.0126,0.9445,2.0740
0.1912,-120.0871,321.4334,-202.3880,3.5941,50.0410,0.9466,2.1042
0.1914,-138.7865,323.8360,-185.9292,3.4277,50.0041,0.9560,2.1363
0.1916,-156.8910,325.0077,-168.6896,3.5410,50.0024,0.9427,2.1496
0.1918,-173.8126,325.4605,-150.2205,3.4290,50.0433,0.9583,2.0817
0.1920,-191.1316,323.5455,-132.2419,3.5897,49.9618,0.9464,2.1380
0.1922,-207.1078,320.9420,-113.1530,3.5531,50.0380,0.9483,2.0911
0.1924,-222.7196,316.6190,-94.0704,3.5868,50.0394,0.9587,2.0774
0.1926,-236.8325,311.6664,-73.9966,3.4214,49.9685,0.9552,2.1112
0.1928,-250.8580,304.6366,-54.4780,3.5134,49.9731,0.9446,2.1187
0.1930,-263.2897,297.0082,-34.1407,3.5376,49.9977,0.9500,2.1105
0.1932,-274.4225,288.4675,-13.4089,3.4748,50.0352,0.9498,2.0638
0.1934,-285.3430,277.9176,6.5052,3.4064,50.0265,0.9403,2.0770
0.1936,-294.4001,267.0082,27.1309,3.5485,50.0488,0.9552,2.0566
0.1938,-302.0013,255.3391,47.9435,3.5971,50.0367,0.9498,2.0825
0.1940,-309.3926,241.6803,67.5850,3.4494,49.9905,0.9408,2.1235
0.1942,-315.1707,227.4599,87.3519,3.4626,50.0112,0.9548,2.1094
0.1944,-319.4833,212.5634,106.9957,3.5752,50.0287,0.9504,2.0952
0.1946,-322.3781,196.9850,126.3742,3.4085,50.0496,0.9504,2.0896
0.1948,-324.3930,180.2368,144.8617,3.5115,50.0016,0.9526,2.0549
0.1950,-325.4788,162.4262,162.4262,3.4796,49.9805,0.9566,2.0961
0.1952,-324.7057,144.5489,179.9241,3.5226,49.9555,0.9503,2.0642
0.1954,-322.3753,126.3771,196.9878,3.4903,50.0223,0.9423,2.1279
0.1956,-319.0707,107.4083,212.9760,3.5392,49.9635,0.9483,2.0951
0.1958,-315.3722,87.1504,227.2584,3.5181,50.0213,0.9440,2.0955
0.1960,-309.6001,67.3775,241.4728,3.5383,50.0407,0.9559,2.1218
0.1962,-302.8049,47.1400,254.5355,3.4228,49.9949,0.9473,2.1024
0.1964,-294.4290,27.1020,266.9793,3.5582,50.0012,0.9590,2.0879
0.1966,-285.1557,6.6925,278.1049,3.5537,50.0412,0.9513,2.1160
0.1968,-274.9845,-13.9708,287.9055,3.5738,49.9679,0.9542,2.0920
0.1970,-263.3394,-34.1905,296.9584,3.5537,49.9946,0.9525,2.0618
0.1972,-250.9933,-54.6133,304.5013,3.4406,50.0123,0.9451,2.0959
0.1974,-236.7562,-73.9203,311.7427,3.5087,49.9506,0.9577,2.0738
0.1976,-222.5738,-93.9245,316.7649,3.4951,49.9910,0.9416,2.1100
0.1978,-207.5902,-113.6353,320.4596,3.5095,50.0120,0.9512,2.1325
0.1980,-191.6400,-132.7503,323.0371,3.4297,50.0153,0.9407,2.1354
0.1982,-174.1214,-150.5293,325.1517,3.5676,49.9798,0.9584,2.0549
0.1984,-156.7831,-168.5817,325.1156,3.4356,50.0172,0.9522,2.1192
0.1986,-138.3983,-185.5410,324.2242,3.5575,49.9677,0.9491,2.1079
0.1988,-119.3084,-201.6093,322.2121,3.4186,49.9799,0.9474,2.0879
0.1990,-100.9463,-218.0804,317.7297,3.4855,50.0050,0.9459,2.0635
0.1992,-80.6967,-232.2019,313.4825,3.4549,50.0027,0.9505,2.1196
0.1994,-60.8375,-246.1157,307.2894,3.4219,50.0230,0.9526,2.1487
0.1996,-40.7835,-259.1036,299.8381,3.5377,50.0434,0.9597,2.0787
0.1998,-20.3150,-270.8154,291.4570,3.4633,50.0025,0.9599,2.0854
